pay_id,pay_nom,pay_code
1,MONGOLIA,MN
2,TAJIKISTAN,TJ
3,ESTONIA,EE
4,IRELAND,IE
5,ALBANIA,AL
6,ARUBA,AW
7,KENYA,KE
8,FRANCE,FR
9,DOMINICAN REPUBLIC,DO
10,BOSNIA AND HERZEGOVINA,BA
11,AUSTRIA,AT
12,ETHIOPIA,ET
13,UZBEKISTAN,UZ
14,MALAYSIA,MY
15,KIRIBATI,KI
16,SVALBARD AND JAN MAYEN,SJ
17,JAPAN,JP
18,INDIA,IN
19,GIBRALTAR,GI
20,CONGO,CG
21,WESTERN SAHARA,EH
22,FAROE ISLANDS,FO
23,BELARUS,BY
24,ARMENIA,AM
25,"MICRONESIA, FEDERATED STATES OF",FM
26,BANGLADESH,BD
27,NAMIBIA,NA
28,PANAMA,PA
29,PAKISTAN,PK
30,GREENLAND,GL
31,NEW ZEALAND,NZ
32,NIGER,NE
33,BENIN,BJ
34,NAURU,NR
35,AFGHANISTAN,AF
36,CAYMAN ISLANDS,KY
37,"VIRGIN ISLANDS, U.S.",VI
38,SAINT LUCIA,LC
39,ZIMBABWE,ZW
40,SAN MARINO,SM
41,PITCAIRN,PN
42,FRENCH POLYNESIA,PF
43,TURKMENISTAN,TM
44,BULGARIA,BG
45,LIECHTENSTEIN,LI
46,MALTA,MT
47,GUADELOUPE,GP
48,CHINA,CN
49,VIET NAM,VN
50,BURKINA FASO,BF
51,MALI,ML
52,MOZAMBIQUE,MZ
53,ISRAEL,IL
54,GUINEA,GN
55,LATVIA,LV
56,BRITISH INDIAN OCEAN TERRITORY,IO
57,JORDAN,JO
58,SOUTH AFRICA,ZA
59,SAINT VINCENT AND THE GRENADINES,VC
60,GHANA,GH
61,BURUNDI,BI
62,COSTA RICA,CR
63,"MOLDOVA, REPUBLIC OF",MD
64,"VIRGIN ISLANDS, BRITISH",VG
65,PUERTO RICO,PR
66,YEMEN,YE
67,"PALESTINIAN TERRITORY, OCCUPIED",PS
68,INDONESIA,ID
69,ARGENTINA,AR
70,MADAGASCAR,MG
71,LITHUANIA,LT
72,SINGAPORE,SG
73,ERITREA,ER
74,COMOROS,KM
75,POLAND,PL
76,MOROCCO,MA
77,SPAIN,ES
78,NORWAY,NO
79,SURINAME,SR
80,BHUTAN,BT
81,SAINT PIERRE AND MIQUELON,PM
82,COLOMBIA,CO
83,TOKELAU,TK
84,GEORGIA,GE
85,PHILIPPINES,PH
86,UNITED KINGDOM,GB
87,TIMOR-LESTE,TL
88,GRENADA,GD
89,LIBYAN ARAB JAMAHIRIYA,LY
90,UNITED STATES MINOR OUTLYING ISLANDS,UM
91,HONG KONG,HK
92,DENMARK,DK
93,ANGUILLA,AI
94,PARAGUAY,PY
95,EL SALVADOR,SV
96,LIBERIA,LR
97,RUSSIAN FEDERATION,RU
98,SEYCHELLES,SC
99,ALGERIA,DZ
100,BOUVET ISLAND,BV
101,BELGIUM,BE
102,TURKS AND CAICOS ISLANDS,TC
103,ANTARCTICA,AQ
104,MAURITANIA,MR
105,SERBIA,CS
106,WALLIS AND FUTUNA,WF
107,MARSHALL ISLANDS,MH
108,GREECE,GR
109,AUSTRALIA,AU
110,CENTRAL AFRICAN REPUBLIC,CF
111,CROATIA,HR
112,MALAWI,MW
113,CAMEROON,CM
114,"TANZANIA, UNITED REPUBLIC OF",TZ
115,"IRAN, ISLAMIC REPUBLIC OF",IR
116,MACAO,MO
117,SOLOMON ISLANDS,SB
118,"MACEDONIA, THE FORMER YUGOSLAV REPUBLIC OF",MK
119,MONACO,MC
120,"KOREA, REPUBLIC OF",KR
121,ZAMBIA,ZM
122,GUINEA-BISSAU,GW
123,SAINT KITTS AND NEVIS,KN
124,GUYANA,GY
125,UKRAINE,UA
126,BOTSWANA,BW
127,SWAZILAND,SZ
128,BELIZE,BZ
129,SENEGAL,SN
130,UNITED ARAB EMIRATES,AE
131,SLOVENIA,SI
132,SOMALIA,SO
133,ROMANIA,RO
134,GUAM,GU
135,UNITED STATES,US
136,HOLY SEE (VATICAN CITY STATE),VA
137,HEARD ISLAND AND MCDONALD ISLANDS,HM
138,PERU,PE
139,SAUDI ARABIA,SA
140,VANUATU,VU
141,CAPE VERDE,CV
142,MAURITIUS,MU
143,KYRGYZSTAN,KG
144,SAO TOME AND PRINCIPE,ST
145,HUNGARY,HU
146,GUATEMALA,GT
147,QATAR,QA
148,BOLIVIA,BO
149,BARBADOS,BB
150,CHRISTMAS ISLAND,CX
151,NORTHERN MARIANA ISLANDS,MP
152,NICARAGUA,NI
153,SWEDEN,SE
154,TRINIDAD AND TOBAGO,TT
155,NETHERLANDS ANTILLES,AN
156,CUBA,CU
157,PALAU,PW
158,CZECH REPUBLIC,CZ
159,RÉUNION,RE
160,TOGO,TG
161,JAMAICA,JM
162,CHILE,CL
163,FINLAND,FI
164,ITALY,IT
165,LAO PEOPLE’S DEMOCRATIC REPUBLIC,LA
166,SAMOA,WS
167,SIERRA LEONE,SL
168,LUXEMBOURG,LU
169,MAYOTTE,YT
170,FIJI,FJ
171,SRI LANKA,LK
172,ECUADOR,EC
173,NEPAL,NP
174,MALDIVES,MV
175,SUDAN,SD
176,SLOVAKIA,SK
177,ICELAND,IS
178,TONGA,TO
179,BAHAMAS,BS
180,HONDURAS,HN
181,IRAQ,IQ
182,SAINT HELENA,SH
183,RWANDA,RW
184,SOUTH GEORGIA AND THE SOUTH SANDWICH ISLANDS,GS
185,BAHRAIN,BH
186,NIUE,NU
187,CANADA,CA
188,HAITI,HT
189,UGANDA,UG
190,TUNISIA,TN
191,AMERICAN SAMOA,AS
192,BRUNEI DARUSSALAM,BN
193,MARTINIQUE,MQ
194,MYANMAR,MM
195,URUGUAY,UY
196,NEW CALEDONIA,NC
197,"KOREA, DEMOCRATIC PEOPLE'S REPUBLIC OF",KP
198,SWITZERLAND,CH
199,PAPUA NEW GUINEA,PG
200,FRENCH SOUTHERN TERRITORIES,TF
201,COOK ISLANDS,CK
202,THAILAND,TH
203,ANGOLA,AO
204,"CONGO, THE DEMOCRATIC REPUBLIC OF THE",CD
205,GAMBIA,GM
206,COCOS (KEELING) ISLANDS,CC
207,NORFOLK ISLAND,NF
208,ANTIGUA AND BARBUDA,AG
209,PORTUGAL,PT
210,VENEZUELA,VE
211,CÔTE D'IVOIRE,CI
212,NIGERIA,NG
213,DOMINICA,DM
214,TUVALU,TV
215,EQUATORIAL GUINEA,GQ
216,OMAN,OM
217,CAMBODIA,KH
218,GABON,GA
219,BERMUDA,BM
220,EGYPT,EG
221,AZERBAIJAN,AZ
222,TURKEY,TR
223,DJIBOUTI,DJ
224,FALKLAND ISLANDS (MALVINAS),FK
225,ANDORRA,AD
226,MEXICO,MX
227,KUWAIT,KW
228,GERMANY,DE
229,SYRIAN ARAB REPUBLIC,SY
230,LEBANON,LB
231,MONTSERRAT,MS
232,NETHERLANDS,NL
233,KAZAKHSTAN,KZ
234,CYPRUS,CY
235,CHAD,TD
236,LESOTHO,LS
237,FRENCH GUIANA,GF
238,BRAZIL,BR
239,COUNTRY,CT
240,ZORBLAND,ZO
241,Montenegro,ME
242,CHINESE TAIPEI,TP
243,India,IA